Date,AAPL,MSFT,GOOGL,AMZN,TSLA
2024-01-29,189.93624877929688,403.70086669921875,152.3588104248047,161.25999450683594,190.92999267578125
2024-01-30,186.28077697753906,402.58746337890625,150.32418823242188,159.0,191.58999633789062
2024-01-31,182.67483520507812,391.73919677734375,139.0493621826172,155.1999969482422,187.2899932861328
2024-02-01,185.11183166503906,397.8481750488281,140.1014404296875,159.27999877929688,188.86000061035156
2024-02-02,184.1112518310547,405.1788024902344,141.31227111816406,171.80999755859375,187.91000366210938
2024-02-05,185.92413330078125,399.6906433105469,142.60255432128906,170.30999755859375,181.05999755859375
2024-02-06,187.52899169921875,399.5329895019531,143.01937866210938,169.14999389648438,185.10000610351562
2024-02-07,187.63795471191406,407.96722412109375,144.4485626220703,170.52999877929688,187.5800018310547
2024-02-08,186.5581817626953,408.0263366699219,144.81582641601562,169.83999633789062,189.55999755859375
2024-02-09,187.3219451904297,414.37176513671875,147.8826446533203,174.4499969482422,193.57000732421875
2024-02-12,185.6356658935547,409.1595153808594,146.42367553710938,172.33999633789062,188.1300048828125
2024-02-13,183.54273986816406,400.3507995605469,144.05157470703125,168.63999938964844,184.02000427246094
2024-02-14,182.65994262695312,404.22039794921875,144.84556579589844,170.97999572753906,188.7100067138672
2024-02-15,182.37229919433594,401.32806396484375,141.69937133789062,169.8000030517578,200.4499969482422
2024-02-16,180.83482360839844,398.8602600097656,139.46624755859375,169.50999450683594,199.9499969482422
2024-02-20,180.0908966064453,397.6065673828125,140.06173706054688,167.0800018310547,193.75999450683594
2024-02-21,180.8447723388672,397.0044250488281,141.4810028076172,168.58999633789062,194.77000427246094
2024-02-22,182.87815856933594,406.35260009765625,143.0094451904297,174.5800018310547,197.41000366210938
2024-02-23,181.0431365966797,405.0594482421875,142.88046264648438,174.99000549316406,191.97000122070312
2024-02-26,179.6941680908203,402.29547119140625,136.53834533691406,174.72999572753906,199.39999389648438
2024-02-27,181.15225219726562,402.2362976074219,137.83853149414062,173.5399932861328,199.72999572753906
2024-02-28,179.9520263671875,402.47314453125,135.35728454589844,173.16000366210938,202.0399932861328
2024-02-29,179.2874755859375,408.3169860839844,137.42169189453125,176.75999450683594,201.8800048828125
2024-03-01,178.206298828125,410.15301513671875,136.11158752441406,178.22000122070312,202.63999938964844
2024-03-04,173.6831817626953,409.5805358886719,132.3500213623047,177.5800018310547,188.13999938964844
2024-03-05,168.74346923828125,397.4684143066406,131.67507934570312,174.1199951171875,180.74000549316406
2024-03-06,167.75155639648438,396.91558837890625,130.41464233398438,173.50999450683594,176.5399932861328
2024-03-07,167.63253784179688,403.87493896484375,133.37225341796875,176.82000732421875,178.64999389648438
2024-03-08,169.34852600097656,400.99249267578125,134.39454650878906,175.35000610351562,175.33999633789062
2024-03-11,171.35218811035156,399.3143310546875,136.63760375976562,171.9600067138672,177.77000427246094
2024-03-12,171.82830810546875,409.9359130859375,137.46139526367188,175.38999938964844,177.5399932861328
2024-03-13,169.74530029296875,409.7581787109375,138.74169921875,176.55999755859375,169.47999572753906
2024-03-14,171.6001739501953,419.7479553222656,142.0269012451172,178.75,162.5
2024-03-15,171.22323608398438,411.0611877441406,140.1212615966797,174.4199981689453,163.57000732421875
2024-03-18,172.31436157226562,411.9495849609375,146.57254028320312,174.47999572753906,173.8000030517578
2024-03-19,174.65524291992188,415.9869384765625,145.92739868164062,175.89999389648438,171.32000732421875
2024-03-20,177.22430419921875,419.7578125,147.6245880126953,178.14999389648438,175.66000366210938
2024-03-21,169.98336791992188,423.8445739746094,146.4931640625,178.14999389648438,172.82000732421875
2024-03-22,170.88601684570312,423.2226867675781,149.63938903808594,178.8699951171875,170.8300018310547
2024-03-25,169.46755981445312,417.4183349609375,148.94461059570312,179.7100067138672,172.6300048828125
2024-03-26,168.33677673339844,416.2239074707031,149.54013061523438,178.3000030517578,177.6699981689453
2024-03-27,171.90765380859375,416.0067138671875,149.7386016845703,179.8300018310547,179.8300018310547
2024-03-28,170.0924530029297,415.30584716796875,149.7981719970703,180.3800048828125,175.7899932861328
2024-04-01,168.65420532226562,419.1063537597656,154.32398986816406,180.97000122070312,175.22000122070312
2024-04-02,167.47381591796875,416.0165710449219,153.4009246826172,180.69000244140625,166.6300048828125
2024-04-03,168.2772674560547,415.03936767578125,153.7582244873047,182.41000366210938,168.3800048828125
2024-04-04,167.45399475097656,412.50244140625,149.4011993408203,180.0,171.11000061035156
2024-04-05,168.2078399658203,420.0440673828125,151.3563995361328,185.07000732421875,164.89999389648438
2024-04-08,167.0869903564453,419.1260681152344,153.6887664794922,185.19000244140625,172.97999572753906
2024-04-09,168.29708862304688,420.7943420410156,155.42564392089844,185.6699981689453,176.8800048828125
2024-04-10,166.42239379882812,417.81317138671875,154.96908569335938,185.9499969482422,171.75999450683594
2024-04-11,173.6236572265625,422.42303466796875,158.21456909179688,189.0500030517578,174.60000610351562
2024-04-12,175.1214599609375,416.4707336425781,156.54718017578125,186.1300048828125,171.0500030517578
2024-04-15,171.2926788330078,408.3169860839844,153.69871520996094,183.6199951171875,161.47999572753906
2024-04-16,168.00946044921875,409.2448425292969,153.2421417236328,183.32000732421875,157.11000061035156
2024-04-17,166.640625,406.5401306152344,154.3041229248047,181.27999877929688,155.4499969482422
2024-04-18,165.68838500976562,399.0675354003906,154.840087890625,179.22000122070312,149.92999267578125
2024-04-19,163.6649169921875,393.9838562011719,152.93447875976562,174.6300048828125,147.0500030517578
2024-04-22,164.4980926513672,395.8001403808594,155.1080322265625,177.22999572753906,142.0500030517578
2024-04-23,165.54949951171875,402.3250732421875,157.07321166992188,179.5399932861328,144.67999267578125
2024-04-24,167.65237426757812,403.7958984375,157.93667602539062,176.58999633789062,162.1300048828125
2024-04-25,168.5153350830078,393.9048767089844,154.83013916015625,173.6699981689453,170.17999267578125
2024-04-26,167.9300994873047,401.0911560058594,170.66053771972656,179.6199951171875,168.2899932861328
2024-04-29,172.0961151123047,397.07354736328125,164.90402221679688,180.9600067138672,194.0500030517578
2024-04-30,168.95179748535156,384.3197937011719,161.55931091308594,175.0,183.27999877929688
2024-05-01,167.9300994873047,389.85760498046875,162.63121032714844,179.0,179.99000549316406
2024-05-02,171.62991333007812,392.72027587890625,165.37049865722656,184.72000122070312,180.00999450683594
2024-05-03,181.89617919921875,401.4267883300781,165.98587036132812,186.2100067138672,181.19000244140625
2024-05-06,180.23968505859375,408.2182922363281,166.8394012451172,188.6999969482422,184.75999450683594
2024-05-07,180.92408752441406,404.0722961425781,169.9657745361328,188.75999450683594,177.80999755859375
2024-05-08,181.26138305664062,405.2568664550781,168.1098175048828,188.0,174.72000122070312
2024-05-09,183.07656860351562,407.01397705078125,168.68548583984375,189.5,171.97000122070312
2024-05-10,181.8151397705078,409.40283203125,167.38526916503906,187.47999572753906,168.47000122070312
2024-05-13,185.02333068847656,408.39593505859375,167.87161254882812,186.57000732421875,171.88999938964844
2024-05-14,186.1655731201172,411.19940185546875,169.0626220703125,187.07000732421875,177.5500030517578
2024-05-15,188.44012451171875,418.3887634277344,171.21632385253906,185.99000549316406,173.99000549316406
2024-05-16,188.55929565429688,416.3219299316406,172.87380981445312,183.6300048828125,174.83999633789062
2024-05-17,188.589111328125,415.5505676269531,174.73971557617188,184.6999969482422,177.4600067138672
2024-05-20,189.75119018554688,420.62371826171875,175.59326171875,183.5399932861328,174.9499969482422
2024-05-21,191.05238342285156,424.28271484375,176.5163116455078,183.14999389648438,186.60000610351562
2024-05-22,189.61215209960938,425.74627685546875,175.05731201171875,183.1300048828125,180.11000061035156
2024-05-23,185.6192626953125,422.26531982421875,172.24855041503906,181.0500030517578,173.74000549316406
2024-05-24,188.69834899902344,425.3902893066406,173.67774963378906,180.75,179.24000549316406
2024-05-28,188.7083282470703,425.5485534667969,175.0771484375,182.14999389648438,176.75
2024-05-29,189.0062713623047,424.41131591796875,174.58090209960938,182.02000427246094,176.19000244140625
2024-05-30,189.99952697753906,410.072021484375,170.8193359375,179.32000732421875,178.7899932861328
2024-05-31,190.9530792236328,410.5269775390625,171.20640563964844,176.44000244140625,178.0800018310547
2024-06-03,192.72105407714844,408.9347839355469,171.8713836669922,178.33999633789062,176.2899932861328
2024-06-04,193.03887939453125,411.4565734863281,172.4867401123047,179.33999633789062,174.77000427246094
2024-06-05,194.54864501953125,419.3085021972656,174.09458923339844,181.27999877929688,175.0
2024-06-06,193.1680145263672,419.81280517578125,175.40469360351562,185.0,177.94000244140625
2024-06-07,195.56175231933594,419.1502685546875,173.15171813964844,184.3000030517578,177.47999572753906
2024-06-10,191.81716918945312,423.1256408691406,173.89694213867188,187.05999755859375,173.7899932861328
2024-06-11,205.75254821777344,427.8823547363281,175.4967041015625,187.22999572753906,170.66000366210938
2024-06-12,211.6326141357422,436.16943359375,176.6592559814453,186.88999938964844,177.2899932861328
2024-06-13,212.79470825195312,436.68365478515625,174.04598999023438,183.8300018310547,182.47000122070312
2024-06-14,211.05650329589844,437.6626892089844,175.66561889648438,183.66000366210938,178.00999450683594
2024-06-17,215.2083282470703,443.3983459472656,176.11276245117188,184.05999755859375,187.44000244140625
2024-06-18,212.8443603515625,441.390869140625,173.9764404296875,182.80999755859375,184.86000061035156
2024-06-20,208.26548767089844,440.7580261230469,175.17872619628906,186.10000610351562,181.57000732421875
2024-06-21,206.0902557373047,444.792724609375,178.48756408691406,189.0800018310547,183.00999450683594
2024-06-24,206.73587036132812,442.7061462402344,178.0801544189453,185.57000732421875,182.5800018310547
2024-06-25,207.6595916748047,445.94976806640625,182.8595733642578,186.33999633789062,187.35000610351562
2024-06-26,211.81138610839844,447.1463623046875,182.71054077148438,193.61000061035156,196.3699951171875
2024-06-27,212.65565490722656,447.8287048339844,184.23080444335938,197.85000610351562,197.4199981689453
2024-06-28,209.19912719726562,441.9941101074219,180.9915008544922,193.25,197.8800048828125
2024-07-01,215.28778076171875,451.6656494140625,181.82618713378906,197.1999969482422,209.86000061035156
2024-07-02,218.78404235839844,454.1874084472656,184.06187438964844,200.0,231.25999450683594
2024-07-03,220.05538940429688,455.6608581542969,184.63818359375,197.58999633789062,246.38999938964844
2024-07-05,224.81307983398438,462.3755798339844,189.38778686523438,200.0,251.52000427246094
2024-07-08,226.28309631347656,461.0701904296875,187.8277587890625,199.2899932861328,252.94000244140625
2024-07-09,227.1372833251953,454.44451904296875,187.778076171875,199.33999633789062,262.3299865722656
2024-07-10,231.4082794189453,461.08013916015625,189.96408081054688,199.7899932861328,263.260009765625
2024-07-11,226.0347900390625,449.658203125,184.38978576660156,195.0500030517578,241.02999877929688
2024-07-12,228.9847412109375,448.52093505859375,183.89295959472656,194.49000549316406,248.22999572753906
2024-07-15,232.81869506835938,448.9263916015625,185.3436737060547,192.72000122070312,252.63999938964844
2024-07-16,233.2358856201172,444.5356140136719,182.75025939941406,193.02000427246094,256.55999755859375
2024-07-17,227.33595275878906,438.6021423339844,179.86871337890625,187.92999267578125,248.5
2024-07-18,222.6676483154297,435.487060546875,176.5598907470703,183.75,249.22999572753906
2024-07-19,222.79678344726562,432.2632141113281,176.5301055908203,183.1300048828125,239.1999969482422
2024-07-22,222.4491424560547,438.0285949707031,180.5145721435547,182.5500030517578,251.50999450683594
2024-07-23,223.49205017089844,439.91741943359375,180.6337890625,186.41000366210938,246.3800048828125
2024-07-24,217.06570434570312,424.14422607421875,171.53208923339844,180.8300018310547,215.99000549316406
2024-07-25,216.0227813720703,413.7607116699219,166.21609497070312,179.85000610351562,220.25
2024-07-26,216.48963928222656,420.55450439453125,165.93788146972656,182.5,219.8000030517578
2024-07-29,216.76771545410156,421.99835205078125,168.4517822265625,183.1999969482422,232.10000610351562
2024-07-30,217.32394409179688,418.2306213378906,169.20693969726562,181.7100067138672,222.6199951171875
2024-07-31,220.58180236816406,413.7112731933594,170.44898986816406,186.97999572753906,232.07000732421875
2024-08-01,216.8869171142578,412.4849853515625,169.6739501953125,184.07000732421875,216.86000061035156
2024-08-02,218.3767852783203,403.9605407714844,165.60003662109375,167.89999389648438,207.6699981689453
2024-08-05,207.85824584960938,390.7684631347656,158.2371826171875,161.02000427246094,198.8800048828125
2024-08-06,205.83200073242188,395.17901611328125,157.2832794189453,161.92999267578125,200.63999938964844
2024-08-07,208.40452575683594,394.0121154785156,157.9291534423828,162.77000427246094,191.75999450683594
2024-08-08,211.87100219726562,398.2248840332031,160.99949645996094,165.8000030517578,198.83999633789062
2024-08-09,214.78121948242188,401.5179443359375,162.62905883789062,166.94000244140625,200.0
2024-08-12,216.31260681152344,402.2992248535156,161.25782775878906,166.8000030517578,197.49000549316406
2024-08-13,220.0316925048828,409.4194030761719,163.11593627929688,170.22999572753906,207.8300018310547
2024-08-14,220.47915649414062,412.2377624511719,159.35003662109375,170.10000610351562,201.3800048828125
2024-08-15,223.46238708496094,417.1119689941406,160.27413940429688,177.58999633789062,214.13999938964844
2024-08-16,224.78492736816406,414.5757751464844,161.92356872558594,177.05999755859375,216.1199951171875
2024-08-19,224.62582397460938,417.6072998046875,165.6099853515625,178.22000122070312,222.72000122070312
2024-08-20,225.24234008789062,420.846923828125,166.11672973632812,178.8800048828125,221.10000610351562
2024-08-21,225.13294982910156,420.19305419921875,164.79519653320312,180.11000061035156,223.27000427246094
2024-08-22,223.27342224121094,411.6829833984375,162.75823974609375,176.1300048828125,210.66000366210938
2024-08-23,225.5705108642578,412.91143798828125,164.56666564941406,177.0399932861328,220.32000732421875
2024-08-26,225.90859985351562,409.64215087890625,165.1032257080078,175.5,213.2100067138672
2024-08-27,226.75384521484375,409.9888610839844,163.63262939453125,173.1199951171875,209.2100067138672
2024-08-28,225.2224884033203,406.7790222167969,161.8142852783203,170.8000030517578,205.75
2024-08-29,228.50399780273438,409.27557373046875,160.7510986328125,172.1199951171875,206.27999877929688
2024-08-30,227.7184295654297,413.2582092285156,162.34092712402344,178.5,214.11000061035156
2024-09-03,221.52328491210938,405.6298522949219,156.35919189453125,176.25,210.60000610351562
2024-09-04,219.61402893066406,405.0948486328125,155.45498657226562,173.3300018310547,219.41000366210938
2024-09-05,221.13546752929688,404.589599609375,156.2399444580078,177.88999938964844,230.1699981689453
2024-09-06,219.5841827392578,397.9618835449219,149.96014404296875,171.38999938964844,210.72999572753906
2024-09-09,219.67369079589844,401.9444580078125,147.9602813720703,175.39999389648438,216.27000427246094
2024-09-10,218.87815856933594,410.3455505371094,147.91053771972656,179.5500030517578,226.1699981689453
2024-09-11,221.41390991210938,419.103271484375,150.39791870117188,184.52000427246094,228.1300048828125
2024-09-12,221.52328491210938,423.02642822265625,153.91014099121094,187.0,229.80999755859375
2024-09-13,221.25479125976562,426.5830078125,156.66616821289062,186.49000549316406,230.2899932861328
2024-09-16,215.10939025878906,427.3260498046875,157.2631378173828,184.88999938964844,226.77999877929688
2024-09-17,215.5767364501953,431.1005554199219,158.51681518554688,186.8800048828125,227.8699951171875
2024-09-18,219.45494079589844,426.8009338378906,159.00433349609375,186.42999267578125,227.1999969482422
2024-09-19,227.58914184570312,434.6076354980469,161.3225860595703,189.8699951171875,243.9199981689453
2024-09-20,226.92288208007812,431.2194519042969,162.76527404785156,191.60000610351562,238.25
2024-09-23,225.20257568359375,429.475830078125,161.0340576171875,193.8800048828125,250.0
2024-09-24,226.09751892089844,425.17626953125,161.47181701660156,193.9600067138672,254.27000427246094
2024-09-25,225.10311889648438,428.0888671875,160.6758575439453,192.52999877929688,257.0199890136719
2024-09-26,226.2467041015625,427.29632568359375,161.90957641601562,191.16000366210938,254.22000122070312
2024-09-27,226.51516723632812,424.0368957519531,163.1234588623047,187.97000122070312,260.4599914550781
2024-09-30,231.69602966308594,426.2956848144531,165.0138702392578,186.3300018310547,261.6300048828125
2024-10-01,224.9440460205078,416.775146484375,166.14813232421875,185.1300048828125,258.0199890136719
2024-10-02,225.51083374023438,413.2482604980469,165.02383422851562,184.75999450683594,249.02000427246094
2024-10-03,224.40704345703125,412.66375732421875,165.02383422851562,181.9600067138672,240.66000366210938
2024-10-04,225.53073120117188,412.188232421875,166.2177734375,186.50999450683594,250.0800018310547
2024-10-07,220.44932556152344,405.7289123535156,162.15834045410156,180.8000030517578,240.8300018310547
2024-10-08,224.50648498535156,410.85076904296875,163.5513153076172,182.72000122070312,244.5
2024-10-09,228.25538635253906,413.5751953125,161.0439910888672,185.1699981689453,241.0500030517578
2024-10-10,227.75819396972656,411.97027587890625,161.26287841796875,186.64999389648438,238.77000427246094
2024-10-11,226.27655029296875,412.44586181640625,162.4170379638672,188.82000732421875,217.8000030517578
2024-10-14,230.00555419921875,415.2395935058594,164.1283721923828,187.5399932861328,219.16000366210938
2024-10-15,232.54127502441406,414.84326171875,164.62583923339844,187.69000244140625,219.57000732421875
2024-10-16,230.4828643798828,412.2476806640625,164.32736206054688,186.88999938964844,221.3300018310547
2024-10-17,230.8507843017578,412.8420715332031,162.1085662841797,187.52999877929688,220.88999938964844
2024-10-18,233.68482971191406,414.2687072753906,162.5961456298828,188.99000549316406,220.6999969482422
2024-10-21,235.15655517578125,414.8829345703125,163.24285888671875,189.07000732421875,218.85000610351562
2024-10-22,234.54002380371094,423.5317077636719,164.3074493408203,189.6999969482422,217.97000122070312
2024-10-23,229.4685516357422,420.64874267578125,161.9593505859375,184.7100067138672,213.64999389648438
2024-10-24,229.27963256835938,420.7775573730469,161.899658203125,186.3800048828125,260.4800109863281
2024-10-25,230.1149444580078,424.16571044921875,164.43679809570312,187.8300018310547,269.19000244140625
2024-10-28,232.0937957763672,422.6202087402344,165.87950134277344,188.38999938964844,262.510009765625
2024-10-29,232.36228942871094,427.9303894042969,168.82456970214844,190.8300018310547,259.5199890136719
2024-10-30,228.81227111816406,428.50494384765625,173.58047485351562,192.72999572753906,257.54998779296875
2024-10-31,224.64572143554688,402.5686340332031,170.24734497070312,186.39999389648438,249.85000610351562
2024-11-01,221.66250610351562,406.5511779785156,170.4264373779297,197.92999267578125,248.97999572753906
2024-11-04,220.7675323486328,404.6589050292969,168.38677978515625,195.77999877929688,242.83999633789062
2024-11-05,222.19947814941406,407.63104248046875,168.88427734375,199.5,251.44000244140625
2024-11-06,221.4735565185547,416.2698974609375,175.62013244628906,207.08999633789062,288.5299987792969
2024-11-07,226.20692443847656,421.4710388183594,179.83876037597656,210.0500030517578,296.9100036621094
2024-11-08,225.93814086914062,418.6079406738281,177.4508514404297,208.17999267578125,321.2200012207031
2024-11-11,223.22042846679688,414.1201171875,179.44078063964844,206.83999633789062,350.0
2024-11-12,223.22042846679688,419.0933837890625,180.70436096191406,208.91000366210938,328.489990234375
2024-11-13,224.10641479492188,421.2431945800781,177.9781951904297,214.10000610351562,330.239990234375
2024-11-14,227.19244384765625,422.9174499511719,174.69480895996094,211.47999572753906,311.17999267578125
2024-11-15,223.98695373535156,411.13812255859375,171.6204071044922,202.61000061035156,320.7200012207031
2024-11-18,226.9933624267578,411.8910217285156,174.41624450683594,201.6999969482422,338.739990234375
2024-11-19,227.25218200683594,413.90216064453125,177.22201538085938,204.61000061035156,346.0
2024-11-20,227.96896362304688,411.6235656738281,175.09278869628906,202.8800048828125,342.0299987792969
2024-11-21,227.49111938476562,409.8466491699219,166.784912109375,198.3800048828125,339.6400146484375
2024-11-22,228.8350372314453,413.9463806152344,163.9293670654297,197.1199951171875,352.55999755859375
2024-11-25,231.82151794433594,415.7232971191406,166.80477905273438,201.4499969482422,338.5899963378906
2024-11-26,234.0016632080078,424.8559265136719,168.2673797607422,207.86000061035156,338.2300109863281
2024-11-27,233.8722381591797,419.89251708984375,168.3768310546875,205.74000549316406,332.8900146484375
2024-11-29,236.26144409179688,420.359130859375,168.09823608398438,207.88999938964844,345.1600036621094
2024-12-02,238.51126098632812,427.82403564453125,170.6254425048828,210.7100067138672,357.0899963378906
2024-12-03,241.55747985839844,428.04241943359375,170.47618103027344,213.44000244140625,351.4200134277344
2024-12-04,241.91587829589844,434.21685791015625,173.49090576171875,218.16000366210938,357.92999267578125
2024-12-05,241.9457244873047,439.3787841796875,171.76963806152344,220.5500030517578,369.489990234375
2024-12-06,241.7466278076172,440.3218078613281,173.8292236328125,227.02999877929688,389.2200012207031
2024-12-09,245.6390380859375,442.7538757324219,174.68585205078125,226.08999633789062,389.7900085449219
2024-12-10,246.65443420410156,440.0835876464844,184.44761657714844,225.0399932861328,400.989990234375
2024-12-11,245.3802032470703,445.7021484375,194.63771057128906,230.25999450683594,424.7699890136719
2024-12-12,246.84359741210938,446.2679748535156,191.2111358642578,228.97000122070312,418.1000061035156
2024-12-13,247.0128173828125,443.9947204589844,189.07949829101562,227.4600067138672,436.2300109863281
2024-12-16,249.90972900390625,448.2831115722656,195.89280700683594,232.92999267578125,463.0199890136719
2024-12-17,252.33872985839844,451.132080078125,194.6576385498047,231.14999389648438,479.8599853515625
2024-12-18,246.9331817626953,434.18707275390625,187.66502380371094,220.52000427246094,440.1300048828125
2024-12-19,248.66534423828125,433.8297424316406,187.77456665039062,223.2899932861328,436.1700134277344
2024-12-20,253.3441925048828,433.4028625488281,190.6632843017578,224.9199981689453,421.05999755859375
2024-12-23,254.1206817626953,432.0627746582031,193.8707275390625,225.05999755859375,430.6000061035156
2024-12-24,257.0375061035156,436.1128845214844,195.34494018554688,229.0500030517578,462.2799987792969
2024-12-26,257.853759765625,434.90179443359375,194.83692932128906,227.0500030517578,454.1300048828125
2024-12-27,254.43922424316406,427.3773193359375,192.0080108642578,223.75,431.6600036621094
2024-12-30,251.06448364257812,421.71905517578125,190.49395751953125,221.3000030517578,417.4100036621094
2024-12-31,249.29251098632812,418.4134521484375,188.56150817871094,219.38999938964844,403.8399963378906
2025-01-02,242.75209045410156,415.51483154296875,188.69100952148438,220.22000122070312,379.2799987792969
2025-01-03,242.2642822265625,420.2499084472656,191.0417938232422,224.19000244140625,410.44000244140625
2025-01-06,243.8969268798828,424.71697998046875,196.10198974609375,227.61000061035156,411.04998779296875
2025-01-07,241.11947631835938,419.2770690917969,194.7273712158203,222.11000061035156,394.3599853515625
2025-01-08,241.60726928710938,421.4510192871094,193.19337463378906,222.1300048828125,394.94000244140625
2025-01-10,235.7836151123047,415.88214111328125,191.2908172607422,218.94000244140625,394.739990234375
2025-01-13,233.34461975097656,414.1350402832031,190.2648162841797,218.4600067138672,403.30999755859375
2025-01-14,232.22967529296875,412.6261901855469,188.92010498046875,217.75999450683594,396.3599853515625
2025-01-15,236.7989959716797,423.1882019042969,194.78712463378906,223.35000610351562,428.2200012207031
2025-01-16,227.23228454589844,421.47088623046875,192.1574249267578,220.66000366210938,413.82000732421875
2025-01-17,228.9445343017578,425.8883056640625,195.23536682128906,225.94000244140625,426.5
2025-01-21,221.63758850097656,425.3621826171875,197.27737426757812,230.7100067138672,424.07000732421875
2025-01-22,222.8222198486328,442.9326171875,197.59613037109375,235.00999450683594,415.1099853515625
2025-01-23,222.6529998779297,443.4388427734375,197.2076416015625,235.4199981689453,412.3800048828125
2025-01-24,221.77696228027344,440.8082580566406,199.428955078125,234.85000610351562,406.5799865722656
2025-01-27,228.82508850097656,431.3778381347656,191.06170654296875,235.4199981689453,397.1499938964844
2025-01-28,237.187255859375,443.9252624511719,194.53811645507812,238.14999389648438,398.0899963378906
2025-01-29,238.2823028564453,439.0909118652344,194.6476593017578,237.07000732421875,389.1000061035156
2025-01-30,236.520263671875,411.95111083984375,200.0863800048828,234.63999938964844,400.2799987792969
2025-01-31,234.93743896484375,412.0205993652344,203.2240753173828,237.67999267578125,404.6000061035156
2025-02-03,226.9833984375,407.91094970703125,200.4449462890625,237.4199981689453,383.67999267578125
2025-02-04,231.75184631347656,409.35028076171875,205.57489013671875,242.05999755859375,392.2099914550781
2025-02-05,231.42333984375,410.2635803222656,190.58358764648438,236.1699981689453,378.1700134277344
2025-02-06,232.16995239257812,412.7750244140625,190.8525390625,238.8300018310547,374.32000732421875
2025-02-07,226.60513305664062,406.7494812011719,184.61695861816406,229.14999389648438,361.6199951171875
2025-02-10,226.8741912841797,409.2013854980469,185.7425537109375,233.13999938964844,350.7300109863281
2025-02-11,231.82725524902344,408.4271240234375,184.5970458984375,232.75999450683594,328.5
2025-02-12,236.06277465820312,406.0447082519531,182.89370727539062,228.92999267578125,336.510009765625
2025-02-13,240.70689392089844,407.5337219238281,185.41383361816406,230.3699951171875,355.94000244140625
2025-02-14,243.7664337158203,405.43914794921875,184.5073699951172,228.67999267578125,355.8399963378906
2025-02-18,243.6368865966797,406.64031982421875,183.0531005859375,226.64999389648438,354.1099853515625
2025-02-19,244.03550720214844,411.7327575683594,184.5472412109375,226.6300048828125,360.55999755859375
2025-02-20,244.99224853515625,413.9110412597656,183.83999633789062,222.8800048828125,354.3999938964844
2025-02-21,244.7132110595703,406.0332946777344,178.95913696289062,216.5800018310547,337.79998779296875
2025-02-24,246.25791931152344,401.8457336425781,178.55072021484375,212.7100067138672,330.5299987792969
2025-02-25,246.19810485839844,395.77825927734375,174.73565673828125,212.8000030517578,302.79998779296875
2025-02-26,239.5408935546875,397.5985412597656,172.05615234375,214.35000610351562,290.79998779296875
2025-02-27,236.49131774902344,390.4368896484375,167.84266662597656,208.74000549316406,281.95001220703125
2025-02-28,241.01583862304688,394.87310791015625,169.61572265625,212.27999877929688,292.9800109863281
2025-03-03,237.21881103515625,386.4184265136719,166.35845947265625,205.02000427246094,284.6499938964844
2025-03-04,235.1259765625,386.53778076171875,170.25320434570312,203.8000030517578,272.0400085449219
2025-03-05,234.93663024902344,398.881591796875,172.34503173828125,208.36000061035156,279.1000061035156
2025-03-06,234.52801513671875,394.773681640625,171.67764282226562,200.6999969482422,263.45001220703125
2025-03-07,238.25527954101562,391.2127380371094,173.18174743652344,199.25,262.6700134277344
2025-03-10,226.70477294921875,378.13287353515625,165.41319274902344,194.5399932861328,222.14999389648438
2025-03-11,220.08740234375,378.42132568359375,163.58822631835938,196.58999633789062,230.5800018310547
2025-03-12,216.24057006835938,381.2262878417969,166.64979553222656,198.88999938964844,248.08999633789062
2025-03-13,208.96543884277344,376.7502746582031,162.31175231933594,193.88999938964844,240.67999267578125
2025-03-14,212.76246643066406,386.4880676269531,165.03424072265625,197.9499969482422,249.97999572753906
2025-03-17,213.27072143554688,386.6273498535156,163.83755493164062,195.74000549316406,238.00999450683594
2025-03-18,211.96519470214844,381.4749450683594,160.22752380371094,192.82000732421875,225.30999755859375
2025-03-19,214.50650024414062,385.75201416015625,163.43865966796875,195.5399932861328,235.86000061035156
2025-03-20,213.37037658691406,384.7772521972656,162.35165405273438,194.9499969482422,236.25999450683594
2025-03-21,217.5261688232422,389.17364501953125,163.5383758544922,196.2100067138672,248.7100067138672
2025-03-24,219.977783203125,390.98394775390625,167.2182159423828,203.25999450683594,278.3900146484375
2025-03-25,222.98748779296875,393.0528869628906,170.09030151367188,205.7100067138672,288.1400146484375
2025-03-26,220.77503967285156,387.89056396484375,164.60543823242188,201.1300048828125,272.05999755859375
2025-03-27,223.08714294433594,388.4972839355469,161.79319763183594,201.36000061035156,273.1300048828125
2025-03-28,217.15740966796875,376.78009033203125,153.90496826171875,192.72000122070312,263.54998779296875
2025-03-31,221.37301635742188,373.3883056640625,154.21412658691406,190.25999450683594,259.1600036621094
2025-04-01,222.4293975830078,380.15203857421875,156.637451171875,192.1699981689453,268.4599914550781
2025-04-02,223.12701416015625,380.1023254394531,156.60751342773438,196.00999450683594,282.760009765625
2025-04-03,202.49757385253906,371.12042236328125,150.30491638183594,178.41000366210938,267.2799987792969
2025-04-04,187.738037109375,357.92120361328125,145.19903564453125,171.0,239.42999267578125
2025-04-07,180.84161376953125,355.9517822265625,146.34585571289062,175.25999450683594,233.2899932861328
2025-04-08,171.83242797851562,352.6693420410156,144.30149841308594,170.66000366210938,221.86000061035156
2025-04-09,198.17234802246094,388.40777587890625,158.27293395996094,191.10000610351562,272.20001220703125
2025-04-10,189.7710723876953,379.3164978027344,152.39913940429688,181.22000122070312,252.39999389648438
2025-04-11,197.47471618652344,386.378662109375,156.7072296142578,184.8699951171875,252.30999755859375
2025-04-14,201.829833984375,385.7420654296875,158.63192749023438,182.1199951171875,252.35000610351562
2025-04-15,201.45114135742188,383.67315673828125,155.87953186035156,179.58999633789062,254.11000061035156
2025-04-16,193.6079559326172,369.62841796875,152.90774536132812,174.3300018310547,241.5500030517578
2025-04-17,196.3087158203125,365.81884765625,150.74371337890625,172.61000061035156,241.3699951171875
2025-04-21,192.50172424316406,357.205078125,147.26332092285156,167.32000732421875,227.5
2025-04-22,199.059326171875,364.864013671875,151.05287170410156,173.17999267578125,237.97000122070312
2025-04-23,203.9027557373047,372.3936462402344,154.92218017578125,180.60000610351562,250.74000549316406
2025-04-24,207.65989685058594,385.2347412109375,158.8413543701172,186.5399932861328,259.510009765625
2025-04-25,208.56680297851562,389.7605285644531,161.5139617919922,188.99000549316406,284.95001220703125
2025-04-28,209.4238739013672,389.0741882324219,160.1676788330078,187.6999969482422,285.8800048828125
2025-04-29,210.49021911621094,391.9388427734375,159.71893310546875,187.38999938964844,292.0299987792969
2025-04-30,211.77584838867188,393.15234375,158.3626708984375,184.4199981689453,282.1600036621094
2025-05-01,212.59304809570312,423.1316223144531,160.8557891845703,190.1999969482422,280.5199890136719
2025-05-02,204.65020751953125,432.95892333984375,163.57827758789062,189.97999572753906,287.2099914550781
2025-05-05,198.21221923828125,433.8442077636719,163.7577667236328,186.35000610351562,280.260009765625
2025-05-06,197.83349609375,430.99945068359375,162.7804718017578,185.00999450683594,275.3500061035156
2025-05-07,195.58120727539062,431.03924560546875,150.96311950683594,188.7100067138672,276.2200012207031
2025-05-08,196.81698608398438,435.8335876464844,153.85511779785156,192.0800018310547,284.82000732421875
2025-05-09,197.8534393310547,436.3905334472656,152.329345703125,193.05999755859375,298.260009765625
2025-05-12,210.3471221923828,446.8644104003906,158.02362060546875,208.63999938964844,318.3800048828125
2025-05-13,212.48263549804688,446.74505615234375,159.09066772460938,211.3699951171875,334.07000732421875
2025-05-14,211.8839111328125,450.5247802734375,164.91456604003906,210.25,347.67999267578125
2025-05-15,211.00575256347656,451.54119873046875,163.5084686279297,205.1699981689453,342.82000732421875
2025-05-16,210.81614685058594,452.6772155761719,165.73231506347656,205.58999633789062,349.9800109863281
2025-05-19,208.3413543701172,457.26104736328125,166.0813446044922,206.16000366210938,342.0899963378906
2025-05-20,206.42539978027344,456.56353759765625,163.5283966064453,204.07000732421875,343.82000732421875
2025-05-21,201.66542053222656,450.983154296875,168.09579467773438,201.1199951171875,334.6199951171875
2025-05-22,200.93695068359375,453.26513671875,170.3994140625,203.10000610351562,341.0400085449219
2025-05-23,194.8597412109375,448.6015625,168.00604248046875,200.99000549316406,339.3399963378906
2025-05-27,199.78936767578125,459.0746765136719,172.42384338378906,206.02000427246094,362.8900146484375
2025-05-28,199.99893188476562,455.7563781738281,171.8853302001953,204.72000122070312,356.8999938964844
2025-05-29,199.5299072265625,457.0717468261719,171.38670349121094,205.6999969482422,358.42999267578125
2025-05-30,200.4280242919922,458.7458190917969,171.26702880859375,205.00999450683594,346.4599914550781
2025-06-02,201.27622985839844,460.3502197265625,168.5644989013672,206.64999389648438,342.69000244140625
2025-06-03,202.8429412841797,461.3467102050781,165.7223358154297,205.7100067138672,344.2699890136719
2025-06-04,202.3938751220703,462.2435302734375,167.5872039794922,207.22999572753906,332.04998779296875
2025-06-05,200.20848083496094,466.0401611328125,167.74676513671875,207.91000366210938,284.70001220703125
2025-06-06,203.49156188964844,468.730712890625,173.20169067382812,213.57000732421875,295.1400146484375
2025-06-09,201.02674865722656,471.0924072265625,175.81764221191406,216.97999572753906,308.5799865722656
2025-06-10,202.24420166015625,469.2688293457031,178.3237762451172,217.61000061035156,326.0899963378906
2025-06-11,198.36236572265625,470.9628601074219,177.07569885253906,213.1999969482422,326.42999267578125
2025-06-12,198.78147888183594,477.1909484863281,175.42825317382812,213.24000549316406,319.1099853515625
2025-06-13,196.03726196289062,473.2946472167969,174.39984130859375,212.10000610351562,325.30999755859375
2025-06-16,198.0031280517578,477.46002197265625,176.49659729003906,216.10000610351562,329.1300048828125
2025-06-17,195.2289581298828,476.3638610839844,175.6778564453125,214.82000732421875,316.3500061035156
2025-06-18,196.1669921875,478.5561218261719,173.05194091796875,212.52000427246094,322.04998779296875
2025-06-20,200.5777130126953,475.7261047363281,166.38226318359375,209.69000244140625,322.1600036621094
2025-06-23,201.07664489746094,484.2959289550781,164.93450927734375,208.47000122070312,348.67999267578125
2025-06-24,199.87918090820312,488.3915100097656,166.51206970214844,212.77000427246094,340.4700012207031
2025-06-25,201.1365203857422,490.5439453125,170.416015625,211.99000549316406,327.54998779296875
2025-06-26,200.5777130126953,495.705810546875,173.27157592773438,217.1199951171875,325.7799987792969
2025-06-27,200.6575469970703,494.20111083984375,178.25387573242188,223.3000030517578,323.6300048828125
2025-06-30,204.7389373779297,495.66595458984375,175.95742797851562,219.38999938964844,317.6600036621094
2025-07-01,207.3833770751953,490.3247375488281,175.56802368164062,220.4600067138672,300.7099914550781
2025-07-02,211.99366760253906,489.36810302734375,178.3636932373047,219.9199981689453,315.6499938964844
2025-07-03,213.10133361816406,497.0909423828125,179.2523193359375,223.41000366210938,315.3500061035156
2025-07-07,209.50889587402344,495.974853515625,176.5165557861328,223.47000122070312,293.94000244140625
2025-07-08,209.5687713623047,494.8786926269531,174.09031677246094,219.36000061035156,297.80999755859375
2025-07-09,210.69639587402344,501.74456787109375,176.34681701660156,222.5399932861328,295.8800048828125
2025-07-10,211.9637451171875,499.7216796875,177.34527587890625,222.25999450683594,309.8699951171875
2025-07-11,210.7163543701172,501.55523681640625,179.91131591796875,225.02000427246094,313.510009765625
2025-07-14,208.1816864013672,501.2562561035156,181.2791748046875,225.69000244140625,316.8999938964844
2025-07-15,208.67066955566406,504.04644775390625,181.718505859375,226.35000610351562,310.7799987792969
2025-07-16,209.7184600830078,503.8471374511719,182.68701171875,223.19000244140625,321.6700134277344
2025-07-17,209.57875061035156,509.9058532714844,183.29605102539062,223.8800048828125,319.4100036621094
2025-07-18,210.73631286621094,508.2616271972656,184.7737579345703,226.1300048828125,329.6499938964844
2025-07-21,212.03358459472656,508.2715759277344,189.80596923828125,229.3000030517578,328.489990234375
2025-07-22,213.9495391845703,503.4983825683594,191.04405212402344,227.47000122070312,332.1099853515625
2025-07-23,213.7000732421875,504.0962829589844,189.93577575683594,228.2899932861328,332.55999755859375
2025-07-24,213.31089782714844,509.0887145996094,191.87277221679688,232.22999572753906,305.29998779296875
2025-07-25,213.43064880371094,511.9088439941406,192.88121032714844,231.44000244140625,316.05999755859375
2025-07-28,213.6002960205078,510.7030334472656,192.28213500976562,232.7899932861328,325.5899963378906
2025-07-29,210.8261260986328,510.7727966308594,195.44723510742188,231.00999450683594,321.20001220703125
2025-07-30,208.6107940673828,511.4404296875,196.2260284423828,230.19000244140625,319.0400085449219
2025-07-31,207.1339111328125,531.62939453125,191.60317993164062,234.11000061035156,308.2699890136719
2025-08-01,201.95480346679688,522.2723388671875,188.8374786376953,214.75,302.6300048828125
2025-08-04,202.9227752685547,533.7619018554688,194.7383270263672,211.64999389648438,309.260009765625
2025-08-05,202.49366760253906,525.8995361328125,194.36891174316406,213.75,308.7200012207031
2025-08-06,212.8019561767578,523.0994262695312,195.7866973876953,222.30999755859375,319.9100036621094
2025-08-07,219.56771850585938,519.0138549804688,196.21604919433594,223.1300048828125,322.2699890136719
2025-08-08,228.86813354492188,520.2095947265625,201.10845947265625,222.69000244140625,329.6499938964844
2025-08-11,226.95997619628906,519.9405517578125,200.68911743164062,221.3000030517578,339.0299987792969
2025-08-12,229.42758178710938,527.3843383789062,203.02549743652344,221.47000122070312,340.8399963378906
2025-08-13,233.10403442382812,518.7547607421875,201.64764404296875,224.55999755859375,339.3800048828125
2025-08-14,232.5545654296875,520.6480102539062,202.62611389160156,230.97999572753906,335.5799865722656
2025-08-15,231.36570739746094,518.3461303710938,203.58462524414062,231.02999877929688,330.55999755859375
2025-08-18,230.66639709472656,515.286865234375,203.1852569580078,231.49000549316406,335.1600036621094
2025-08-19,230.3367156982422,507.98260498046875,201.25823974609375,228.00999450683594,329.30999755859375
2025-08-20,225.79110717773438,503.9468078613281,199.01171875,223.80999755859375,323.8999938964844
2025-08-21,224.68218994140625,503.2980041503906,199.4410400390625,221.9499969482422,320.1099853515625
2025-08-22,227.53941345214844,506.2824401855469,205.771240234375,228.83999633789062,340.010009765625
2025-08-25,226.94000244140625,503.3179931640625,208.1675262451172,227.94000244140625,346.6000061035156
2025-08-26,229.08792114257812,501.1021423339844,206.81961059570312,228.7100067138672,351.6700134277344
2025-08-27,230.26678466796875,505.7933349609375,207.15908813476562,229.1199951171875,349.6000061035156
2025-08-28,232.33477783203125,508.68792724609375,211.31265258789062,231.60000610351562,345.9800109863281
2025-08-29,231.91517639160156,505.7434387207031,212.5806884765625,229.0,333.8699951171875
2025-09-02,229.49752807617188,504.1763610839844,211.0231170654297,225.33999633789062,329.3599853515625
2025-09-03,238.2390594482422,504.40594482421875,230.30323791503906,225.99000549316406,334.0899963378906
2025-09-04,239.5477752685547,507.02105712890625,231.94070434570312,235.67999267578125,338.5299987792969
2025-09-05,239.45787048339844,494.0752868652344,234.63653564453125,232.3300018310547,350.8399963378906
2025-09-08,237.64962768554688,497.2693176269531,233.8870086669922,235.83999633789062,346.3999938964844
2025-09-09,234.123046875,497.4789123535156,239.47335815429688,238.24000549316406,346.9700012207031
2025-09-10,226.5703582763672,499.43524169921875,239.01365661621094,230.3300018310547,347.7900085449219
2025-09-11,229.80722045898438,500.0740661621094,240.21287536621094,229.9499969482422,368.80999755859375
2025-09-12,233.84332275390625,508.94744873046875,240.64259338378906,228.14999389648438,395.94000244140625
2025-09-15,236.47076416015625,514.397216796875,251.44552612304688,231.42999267578125,410.0400085449219
2025-09-16,237.9193572998047,508.08905029296875,250.99581909179688,234.0500030517578,421.6199951171875
2025-09-17,238.75856018066406,509.06719970703125,249.36688232421875,231.6199951171875,425.8599853515625
2025-09-18,237.64962768554688,507.5001525878906,251.86524963378906,231.22999572753906,416.8500061035156
2025-09-19,245.26223754882812,516.96240234375,254.55349731445312,231.47999572753906,426.07000732421875
2025-09-22,255.8319854736328,513.4889526367188,252.36492919921875,227.6300048828125,434.2099914550781
2025-09-23,254.18359375,508.2787170410156,251.49549865722656,220.7100067138672,425.8500061035156
2025-09-24,252.06564331054688,509.19696044921875,246.97845458984375,220.2100067138672,442.7900085449219
2025-09-25,256.6212158203125,506.0827941894531,245.6293182373047,218.14999389648438,423.3900146484375
2025-09-26,255.2126007080078,510.5045166015625,246.3788299560547,219.77999877929688,440.3999938964844
2025-09-29,254.18359375,513.6386108398438,243.89047241210938,222.1699981689453,443.2099914550781
2025-09-30,254.38340759277344,516.982421875,242.94110107421875,219.57000732421875,444.7200012207031
2025-10-01,255.20260620117188,518.7391357421875,244.7399139404297,220.6300048828125,459.4599914550781
2025-10-02,256.8809814453125,514.7765502929688,245.52940368652344,222.41000366210938,436.0
2025-10-03,257.7701110839844,516.3834838867188,245.1896209716797,219.50999450683594,429.8299865722656
2025-10-06,256.44140625,527.5825805664062,250.26629638671875,220.89999389648438,453.25
2025-10-07,256.23162841796875,523.0010986328125,245.59934997558594,221.77999877929688,433.0899963378906
2025-10-08,257.8100891113281,523.8695068359375,244.46009826660156,225.22000122070312,438.69000244140625
2025-10-09,253.79396057128906,521.4241333007812,241.3721160888672,227.74000549316406,435.5400085449219
2025-10-10,245.032470703125,510.0054626464844,236.4153594970703,216.3699951171875,413.489990234375
2025-10-13,247.42015075683594,513.0896606445312,243.9904022216797,220.07000732421875,435.8999938964844
2025-10-14,247.53004455566406,512.610595703125,245.28955078125,216.38999938964844,429.239990234375
2025-10-15,249.09852600097656,512.4708251953125,250.86590576171875,215.57000732421875,435.1499938964844
2025-10-16,247.21035766601562,510.65423583984375,251.29562377929688,214.47000122070312,428.75
2025-10-17,252.045654296875,512.62060546875,253.13442993164062,213.0399932861328,439.30999755859375
2025-10-20,261.98602294921875,515.8245239257812,256.3822937011719,216.47999572753906,447.42999267578125
2025-10-21,262.5155029296875,516.6929321289062,250.29627990722656,222.02999877929688,442.6000061035156
2025-10-22,258.19970703125,519.5675659179688,251.52548217773438,217.9499969482422,438.9700012207031
2025-10-23,259.3285827636719,519.5875244140625,252.91456604003906,221.08999633789062,448.9800109863281
2025-10-24,262.56549072265625,522.6318359375,259.7501220703125,224.2100067138672,433.7200012207031
2025-10-27,268.5496520996094,530.527099609375,269.0939636230469,226.97000122070312,452.4200134277344
2025-10-28,268.7394714355469,541.057373046875,267.295166015625,229.25,460.54998779296875
2025-10-29,269.4388122558594,540.538330078125,274.3905334472656,230.3000030517578,461.510009765625
2025-10-30,271.13714599609375,524.77783203125,281.2960205078125,222.86000061035156,440.1000061035156
2025-10-31,270.108154296875,516.8426513671875,281.0061950683594,244.22000122070312,456.55999755859375
2025-11-03,268.7894287109375,516.0641479492188,283.5345458984375,254.0,468.3699951171875
2025-11-04,269.7784729003906,513.3692016601562,277.35858154296875,249.32000732421875,444.260009765625
2025-11-05,269.8783874511719,506.2125549316406,284.1241455078125,250.1999969482422,462.07000732421875
2025-11-06,269.50872802734375,496.1713562011719,284.5638732910156,243.0399932861328,445.9100036621094
2025-11-07,268.2099914550781,495.8918762207031,278.647705078125,244.41000366210938,429.5199890136719
2025-11-10,269.42999267578125,505.0547180175781,289.9103698730469,248.39999389648438,445.2300109863281
2025-11-11,275.25,507.7297058105469,291.11956787109375,249.10000610351562,439.6199951171875
2025-11-12,273.4700012207031,510.1851501464844,286.5225830078125,244.1999969482422,430.6000061035156
2025-11-13,272.95001220703125,502.34979248046875,278.3879089355469,237.5800018310547,401.989990234375
2025-11-14,272.4100036621094,509.2268981933594,276.22930908203125,234.69000244140625,404.3500061035156
2025-11-17,267.4599914550781,506.54193115234375,284.83367919921875,232.8699951171875,408.9200134277344
2025-11-18,267.44000244140625,492.8675537109375,284.09417724609375,222.5500030517578,401.25
2025-11-19,268.55999755859375,486.2099914550781,292.61859130859375,222.69000244140625,403.989990234375
2025-11-20,266.25,478.42999267578125,289.26080322265625,217.13999938964844,395.2300109863281
2025-11-21,271.489990234375,472.1199951171875,299.464111328125,220.69000244140625,391.0899963378906
2025-11-24,275.9200134277344,474.0,318.3717346191406,226.27999877929688,417.7799987792969
2025-11-25,276.9700012207031,476.989990234375,323.22857666015625,229.6699981689453,419.3999938964844
2025-11-26,277.54998779296875,485.5,319.7408752441406,229.16000366210938,426.5799865722656
2025-11-28,278.8500061035156,492.010009765625,319.970703125,233.22000122070312,430.1700134277344
2025-12-01,283.1000061035156,486.739990234375,314.6841735839844,233.8800048828125,430.1400146484375
2025-12-02,286.19000244140625,490.0,315.6035461425781,234.4199981689453,429.239990234375
2025-12-03,284.1499938964844,477.7300109863281,319.42108154296875,232.3800048828125,446.739990234375
2025-12-04,280.70001220703125,480.8399963378906,317.4123840332031,229.11000061035156,454.5299987792969
2025-12-05,278.7799987792969,483.1600036621094,321.0599670410156,229.52999877929688,455.0
2025-12-08,277.8900146484375,491.0199890136719,313.7200012207031,226.88999938964844,439.5799865722656
2025-12-09,277.17999267578125,492.0199890136719,317.0799865722656,227.9199981689453,445.1700134277344
2025-12-10,278.7799987792969,478.55999755859375,320.2099914550781,231.77999877929688,451.45001220703125
2025-12-11,278.0299987792969,483.4700012207031,312.42999267578125,230.27999877929688,446.8900146484375
2025-12-12,278.2799987792969,478.5299987792969,309.2900085449219,226.19000244140625,458.9599914550781
2025-12-15,274.1099853515625,474.82000732421875,308.2200012207031,222.5399932861328,475.30999755859375
2025-12-16,274.6099853515625,476.3900146484375,306.57000732421875,222.55999755859375,489.8800048828125
2025-12-17,271.8399963378906,476.1199951171875,296.7200012207031,221.27000427246094,467.260009765625
2025-12-18,272.19000244140625,483.9800109863281,302.4599914550781,226.75999450683594,483.3699951171875
2025-12-19,273.6700134277344,485.9200134277344,307.1600036621094,227.35000610351562,481.20001220703125
2025-12-22,270.9700012207031,484.9200134277344,309.7799987792969,228.42999267578125,488.7300109863281
2025-12-23,272.3599853515625,486.8500061035156,314.3500061035156,232.13999938964844,485.55999755859375
2025-12-24,273.80999755859375,488.0199890136719,314.0899963378906,232.3800048828125,485.3999938964844
2025-12-26,273.3999938964844,487.7099914550781,313.510009765625,232.52000427246094,475.19000244140625
2025-12-29,273.760009765625,487.1000061035156,313.55999755859375,232.07000732421875,459.6400146484375
2025-12-30,273.0799865722656,487.4800109863281,313.8500061035156,232.52999877929688,454.42999267578125
2025-12-31,271.8599853515625,483.6199951171875,313.0,230.82000732421875,449.7200012207031
2026-01-02,271.010009765625,472.94000244140625,315.1499938964844,226.5,438.07000732421875
2026-01-05,267.260009765625,472.8500061035156,316.5400085449219,233.05999755859375,451.6700134277344
2026-01-06,262.3599853515625,478.510009765625,314.3399963378906,240.92999267578125,432.9599914550781
2026-01-07,260.3299865722656,483.4700012207031,321.9800109863281,241.55999755859375,431.4100036621094
2026-01-08,259.0400085449219,478.1099853515625,325.44000244140625,246.2899932861328,435.79998779296875
2026-01-09,259.3699951171875,479.2799987792969,328.57000732421875,247.3800048828125,445.010009765625
2026-01-12,260.25,477.17999267578125,331.8599853515625,246.47000122070312,448.9599914550781
2026-01-13,261.04998779296875,470.6700134277344,335.9700012207031,242.60000610351562,447.20001220703125
2026-01-14,259.9599914550781,459.3800048828125,335.8399963378906,236.64999389648438,439.20001220703125
2026-01-15,258.2099914550781,456.6600036621094,332.7799987792969,238.17999267578125,438.57000732421875
2026-01-16,255.52999877929688,459.8599853515625,330.0,239.1199951171875,437.5
2026-01-20,246.6999969482422,454.5199890136719,322.0,231.0,419.25
2026-01-21,247.64999389648438,444.1099853515625,328.3800048828125,231.30999755859375,431.44000244140625
2026-01-22,248.35000610351562,451.1400146484375,330.5400085449219,234.33999633789062,449.3599853515625
2026-01-23,248.0399932861328,465.95001220703125,327.92999267578125,239.16000366210938,449.05999755859375
2026-01-26,255.41000366210938,470.2799987792969,333.260009765625,238.4199981689453,435.20001220703125
